{"hash":"652895b5fd3973db9ef3","version":"5.88.1","time":7654,"builtAt":1688992171016,"publicPath":"auto","outputPath":".\\dist","assetsByChunkName":{"root":["root.8319c8bb348f6ca4a51c.js"],"root2":["root2.c8468d6a0f845ffd3996.js"]},"assets":[{"type":"asset","name":"root2.c8468d6a0f845ffd3996.js","size":8022,"emitted":true,"comparedForEmit":false,"cached":false,"info":{"immutable":true,"contenthash":"c8468d6a0f845ffd3996","javascriptModule":false,"minimized":true,"related":{"license":"root2.c8468d6a0f845ffd3996.js.LICENSE.txt"},"size":8022},"chunkNames":["root2"],"chunkIdHints":[],"auxiliaryChunkNames":[],"auxiliaryChunkIdHints":[],"filteredRelated":0,"related":[{"type":"license","name":"root2.c8468d6a0f845ffd3996.js.LICENSE.txt","size":294,"emitted":true,"comparedForEmit":false,"cached":false,"info":{"extractedComments":true,"size":294},"chunkNames":[],"chunkIdHints":[],"auxiliaryChunkNames":[],"auxiliaryChunkIdHints":[],"related":{},"chunks":[],"auxiliaryChunks":[],"isOverSizeLimit":false}],"chunks":[849],"auxiliaryChunks":[],"isOverSizeLimit":false},{"type":"asset","name":"root.8319c8bb348f6ca4a51c.js","size":7719,"emitted":true,"comparedForEmit":false,"cached":false,"info":{"immutable":true,"contenthash":"8319c8bb348f6ca4a51c","javascriptModule":false,"minimized":true,"related":{"license":"root.8319c8bb348f6ca4a51c.js.LICENSE.txt"},"size":7719},"chunkNames":["root"],"chunkIdHints":[],"auxiliaryChunkNames":[],"auxiliaryChunkIdHints":[],"filteredRelated":0,"related":[{"type":"license","name":"root.8319c8bb348f6ca4a51c.js.LICENSE.txt","size":294,"emitted":true,"comparedForEmit":false,"cached":false,"info":{"extractedComments":true,"size":294},"chunkNames":[],"chunkIdHints":[],"auxiliaryChunkNames":[],"auxiliaryChunkIdHints":[],"related":{},"chunks":[],"auxiliaryChunks":[],"isOverSizeLimit":false}],"chunks":[481],"auxiliaryChunks":[],"isOverSizeLimit":false},{"type":"asset","name":"index.html","size":289,"emitted":true,"comparedForEmit":false,"cached":false,"info":{"size":289},"chunkNames":[],"chunkIdHints":[],"auxiliaryChunkNames":[],"auxiliaryChunkIdHints":[],"related":{},"chunks":[],"auxiliaryChunks":[],"isOverSizeLimit":false}],"chunks":[{"rendered":true,"initial":true,"entry":true,"recorded":false,"size":9662,"sizes":{"javascript":9662},"names":["root"],"idHints":[],"runtime":["root"],"files":["root.8319c8bb348f6ca4a51c.js"],"auxiliaryFiles":[],"hash":"7507e5bf4d3e385792a3","childrenByOrder":{},"id":481,"siblings":[],"parents":[],"children":[],"modules":[{"type":"module","moduleType":"javascript/auto","layer":null,"size":2108,"sizes":{"javascript":2108},"built":true,"codeGenerated":true,"buildTimeExecuted":false,"cached":false,"identifier":".\\node_modules\\object-assign\\index.js","name":"./node_modules/object-assign/index.js","nameForCondition":".\\node_modules\\object-assign\\index.js","index":3,"preOrderIndex":3,"index2":0,"postOrderIndex":0,"cacheable":true,"optional":false,"orphan":false,"dependent":true,"issuer":".\\node_modules\\react\\cjs\\react.production.min.js","issuerName":"./node_modules/react/cjs/react.production.min.js","issuerPath":[{"identifier":".\\node_modules\\ts-loader\\index.js!.\\loaders\\i18n-loader.cjs??ruleSet[1].rules[0].use[1]!.\\src\\pages\\root.tsx","name":"./src/pages/root.tsx","id":416},{"identifier":".\\node_modules\\react\\index.js","name":"./node_modules/react/index.js","id":294},{"identifier":".\\node_modules\\react\\cjs\\react.production.min.js","name":"./node_modules/react/cjs/react.production.min.js","id":408}],"failed":false,"errors":0,"warnings":0,"id":418,"issuerId":408,"chunks":[481,849],"assets":[],"reasons":[{"moduleIdentifier":".\\node_modules\\object-assign\\index.js","module":"./node_modules/object-assign/index.js","moduleName":"./node_modules/object-assign/index.js","resolvedModuleIdentifier":".\\node_modules\\object-assign\\index.js","resolvedModule":"./node_modules/object-assign/index.js","type":"cjs self exports reference","active":true,"explanation":"","userRequest":null,"loc":"65:0-14","moduleId":418,"resolvedModuleId":418},{"moduleIdentifier":".\\node_modules\\react\\cjs\\react.production.min.js","module":"./node_modules/react/cjs/react.production.min.js","moduleName":"./node_modules/react/cjs/react.production.min.js","resolvedModuleIdentifier":".\\node_modules\\react\\cjs\\react.production.min.js","resolvedModule":"./node_modules/react/cjs/react.production.min.js","type":"cjs require","active":true,"explanation":"","userRequest":"object-assign","loc":"9:19-43","moduleId":408,"resolvedModuleId":408}],"usedExports":null,"providedExports":null,"optimizationBailout":["CommonJS bailout: module.exports is used directly at 65:0-14","Statement (VariableDeclaration) with side effects in source code at 9:0-57","ModuleConcatenation bailout: Module is not an ECMAScript module"],"depth":3},{"type":"module","moduleType":"javascript/auto","layer":null,"size":6450,"sizes":{"javascript":6450},"built":true,"codeGenerated":true,"buildTimeExecuted":false,"cached":false,"identifier":".\\node_modules\\react\\cjs\\react.production.min.js","name":"./node_modules/react/cjs/react.production.min.js","nameForCondition":".\\node_modules\\react\\cjs\\react.production.min.js","index":2,"preOrderIndex":2,"index2":1,"postOrderIndex":1,"cacheable":true,"optional":false,"orphan":false,"dependent":true,"issuer":".\\node_modules\\react\\index.js","issuerName":"./node_modules/react/index.js","issuerPath":[{"identifier":".\\node_modules\\ts-loader\\index.js!.\\loaders\\i18n-loader.cjs??ruleSet[1].rules[0].use[1]!.\\src\\pages\\root.tsx","name":"./src/pages/root.tsx","id":416},{"identifier":".\\node_modules\\react\\index.js","name":"./node_modules/react/index.js","id":294}],"failed":false,"errors":0,"warnings":0,"id":408,"issuerId":294,"chunks":[481,849],"assets":[],"reasons":[{"moduleIdentifier":".\\node_modules\\react\\index.js","module":"./node_modules/react/index.js","moduleName":"./node_modules/react/index.js","resolvedModuleIdentifier":".\\node_modules\\react\\index.js","resolvedModule":"./node_modules/react/index.js","type":"cjs export require","active":true,"explanation":"","userRequest":"./cjs/react.production.min.js","loc":"4:2-59","moduleId":294,"resolvedModuleId":294}],"usedExports":true,"providedExports":["Children","Component","Fragment","Profiler","PureComponent","StrictMode","Suspense","__SECRET_INTERNALS_DO_NOT_USE_OR_YOU_WILL_BE_FIRED","cloneElement","createContext","createElement","createFactory","createRef","forwardRef","isValidElement","lazy","memo","useCallback","useContext","useDebugValue","useEffect","useImperativeHandle","useLayoutEffect","useMemo","useReducer","useRef","useState","version"],"optimizationBailout":["Statement (VariableDeclaration) with side effects in source code at 9:13-60","ModuleConcatenation bailout: Module is not an ECMAScript module"],"depth":2},{"type":"module","moduleType":"javascript/auto","layer":null,"size":190,"sizes":{"javascript":190},"built":true,"codeGenerated":true,"buildTimeExecuted":false,"cached":false,"identifier":".\\node_modules\\react\\index.js","name":"./node_modules/react/index.js","nameForCondition":".\\node_modules\\react\\index.js","index":1,"preOrderIndex":1,"index2":2,"postOrderIndex":2,"cacheable":true,"optional":false,"orphan":false,"dependent":true,"issuer":".\\node_modules\\ts-loader\\index.js!.\\loaders\\i18n-loader.cjs??ruleSet[1].rules[0].use[1]!.\\src\\pages\\root.tsx","issuerName":"./src/pages/root.tsx","issuerPath":[{"identifier":".\\node_modules\\ts-loader\\index.js!.\\loaders\\i18n-loader.cjs??ruleSet[1].rules[0].use[1]!.\\src\\pages\\root.tsx","name":"./src/pages/root.tsx","id":416}],"failed":false,"errors":0,"warnings":0,"id":294,"issuerId":416,"chunks":[481,849],"assets":[],"reasons":[{"moduleIdentifier":".\\node_modules\\ts-loader\\index.js!.\\loaders\\i18n-loader.cjs??ruleSet[1].rules[0].use[1]!.\\src\\i18n\\I18NTask.tsx","module":"./src/i18n/I18NTask.tsx","moduleName":"./src/i18n/I18NTask.tsx","resolvedModuleIdentifier":".\\node_modules\\ts-loader\\index.js!.\\loaders\\i18n-loader.cjs??ruleSet[1].rules[0].use[1]!.\\src\\i18n\\I18NTask.tsx","resolvedModule":"./src/i18n/I18NTask.tsx","type":"cjs require","active":true,"explanation":"","userRequest":"react","loc":"6:30-46","moduleId":745,"resolvedModuleId":745},{"moduleIdentifier":".\\node_modules\\ts-loader\\index.js!.\\loaders\\i18n-loader.cjs??ruleSet[1].rules[0].use[1]!.\\src\\pages\\root.tsx","module":"./src/pages/root.tsx","moduleName":"./src/pages/root.tsx","resolvedModuleIdentifier":".\\node_modules\\ts-loader\\index.js!.\\loaders\\i18n-loader.cjs??ruleSet[1].rules[0].use[1]!.\\src\\pages\\root.tsx","resolvedModule":"./src/pages/root.tsx","type":"cjs require","active":true,"explanation":"","userRequest":"react","loc":"6:30-46","moduleId":416,"resolvedModuleId":416},{"moduleIdentifier":".\\node_modules\\ts-loader\\index.js!.\\loaders\\i18n-loader.cjs??ruleSet[1].rules[0].use[1]!.\\src\\pages\\root2.tsx","module":"./src/pages/root2.tsx","moduleName":"./src/pages/root2.tsx","resolvedModuleIdentifier":".\\node_modules\\ts-loader\\index.js!.\\loaders\\i18n-loader.cjs??ruleSet[1].rules[0].use[1]!.\\src\\pages\\root2.tsx","resolvedModule":"./src/pages/root2.tsx","type":"cjs require","active":true,"explanation":"","userRequest":"react","loc":"6:30-46","moduleId":302,"resolvedModuleId":302}],"usedExports":true,"providedExports":["Children","Component","Fragment","Profiler","PureComponent","StrictMode","Suspense","__SECRET_INTERNALS_DO_NOT_USE_OR_YOU_WILL_BE_FIRED","cloneElement","createContext","createElement","createFactory","createRef","forwardRef","isValidElement","lazy","memo","useCallback","useContext","useDebugValue","useEffect","useImperativeHandle","useLayoutEffect","useMemo","useReducer","useRef","useState","version"],"optimizationBailout":["Statement (ExpressionStatement) with side effects in source code at 4:2-60","ModuleConcatenation bailout: Module is not an ECMAScript module"],"depth":1},{"type":"module","moduleType":"javascript/auto","layer":null,"size":154,"sizes":{"javascript":154},"built":true,"codeGenerated":true,"buildTimeExecuted":false,"cached":false,"identifier":".\\node_modules\\ts-loader\\index.js!.\\loaders\\i18n-loader.cjs??ruleSet[1].rules[0].use[1]!.\\src\\components\\Link.ts","name":"./src/components/Link.ts","nameForCondition":".\\src\\components\\Link.ts","index":5,"preOrderIndex":5,"index2":4,"postOrderIndex":4,"cacheable":true,"optional":false,"orphan":false,"dependent":true,"issuer":".\\node_modules\\ts-loader\\index.js!.\\loaders\\i18n-loader.cjs??ruleSet[1].rules[0].use[1]!.\\src\\pages\\root.tsx","issuerName":"./src/pages/root.tsx","issuerPath":[{"identifier":".\\node_modules\\ts-loader\\index.js!.\\loaders\\i18n-loader.cjs??ruleSet[1].rules[0].use[1]!.\\src\\pages\\root.tsx","name":"./src/pages/root.tsx","id":416}],"failed":false,"errors":0,"warnings":0,"id":625,"issuerId":416,"chunks":[481],"assets":[],"reasons":[{"moduleIdentifier":".\\node_modules\\ts-loader\\index.js!.\\loaders\\i18n-loader.cjs??ruleSet[1].rules[0].use[1]!.\\src\\pages\\root.tsx","module":"./src/pages/root.tsx","moduleName":"./src/pages/root.tsx","resolvedModuleIdentifier":".\\node_modules\\ts-loader\\index.js!.\\loaders\\i18n-loader.cjs??ruleSet[1].rules[0].use[1]!.\\src\\pages\\root.tsx","resolvedModule":"./src/pages/root.tsx","type":"cjs require","active":true,"explanation":"","userRequest":"../components/Link","loc":"8:13-42","moduleId":416,"resolvedModuleId":416}],"usedExports":true,"providedExports":["LinkComponent","__esModule"],"optimizationBailout":["Statement (ExpressionStatement) with side effects in source code at 2:0-62","ModuleConcatenation bailout: Module is not an ECMAScript module"],"depth":1},{"type":"module","moduleType":"javascript/auto","layer":null,"size":145,"sizes":{"javascript":145},"built":true,"codeGenerated":true,"buildTimeExecuted":false,"cached":false,"identifier":".\\node_modules\\ts-loader\\index.js!.\\loaders\\i18n-loader.cjs??ruleSet[1].rules[0].use[1]!.\\src\\entities\\link.ts","name":"./src/entities/link.ts","nameForCondition":".\\src\\entities\\link.ts","index":4,"preOrderIndex":4,"index2":3,"postOrderIndex":3,"cacheable":true,"optional":false,"orphan":false,"dependent":true,"issuer":".\\node_modules\\ts-loader\\index.js!.\\loaders\\i18n-loader.cjs??ruleSet[1].rules[0].use[1]!.\\src\\pages\\root.tsx","issuerName":"./src/pages/root.tsx","issuerPath":[{"identifier":".\\node_modules\\ts-loader\\index.js!.\\loaders\\i18n-loader.cjs??ruleSet[1].rules[0].use[1]!.\\src\\pages\\root.tsx","name":"./src/pages/root.tsx","id":416}],"failed":false,"errors":0,"warnings":0,"id":363,"issuerId":416,"chunks":[481],"assets":[],"reasons":[{"moduleIdentifier":".\\node_modules\\ts-loader\\index.js!.\\loaders\\i18n-loader.cjs??ruleSet[1].rules[0].use[1]!.\\src\\pages\\root.tsx","module":"./src/pages/root.tsx","moduleName":"./src/pages/root.tsx","resolvedModuleIdentifier":".\\node_modules\\ts-loader\\index.js!.\\loaders\\i18n-loader.cjs??ruleSet[1].rules[0].use[1]!.\\src\\pages\\root.tsx","resolvedModule":"./src/pages/root.tsx","type":"cjs require","active":true,"explanation":"","userRequest":"../entities/link","loc":"7:13-40","moduleId":416,"resolvedModuleId":416}],"usedExports":true,"providedExports":["LinkEntity","__esModule"],"optimizationBailout":["Statement (ExpressionStatement) with side effects in source code at 2:0-62","ModuleConcatenation bailout: Module is not an ECMAScript module"],"depth":1},{"type":"module","moduleType":"javascript/auto","layer":null,"size":615,"sizes":{"javascript":615},"built":true,"codeGenerated":true,"buildTimeExecuted":false,"cached":false,"identifier":".\\node_modules\\ts-loader\\index.js!.\\loaders\\i18n-loader.cjs??ruleSet[1].rules[0].use[1]!.\\src\\pages\\root.tsx","name":"./src/pages/root.tsx","nameForCondition":".\\src\\pages\\root.tsx","index":0,"preOrderIndex":0,"index2":5,"postOrderIndex":5,"cacheable":true,"optional":false,"orphan":false,"dependent":false,"issuer":null,"issuerName":null,"issuerPath":null,"failed":false,"errors":0,"warnings":0,"id":416,"issuerId":null,"chunks":[481],"assets":[],"reasons":[{"moduleIdentifier":".\\node_modules\\ts-loader\\index.js!.\\loaders\\i18n-loader.cjs??ruleSet[1].rules[0].use[1]!.\\src\\pages\\root.tsx","module":"./src/pages/root.tsx","moduleName":"./src/pages/root.tsx","resolvedModuleIdentifier":".\\node_modules\\ts-loader\\index.js!.\\loaders\\i18n-loader.cjs??ruleSet[1].rules[0].use[1]!.\\src\\pages\\root.tsx","resolvedModule":"./src/pages/root.tsx","type":"cjs self exports reference","active":true,"explanation":"","userRequest":null,"loc":"2:23-27","moduleId":416,"resolvedModuleId":416},{"moduleIdentifier":".\\node_modules\\ts-loader\\index.js!.\\loaders\\i18n-loader.cjs??ruleSet[1].rules[0].use[1]!.\\src\\pages\\root.tsx","module":"./src/pages/root.tsx","moduleName":"./src/pages/root.tsx","resolvedModuleIdentifier":".\\node_modules\\ts-loader\\index.js!.\\loaders\\i18n-loader.cjs??ruleSet[1].rules[0].use[1]!.\\src\\pages\\root.tsx","resolvedModule":"./src/pages/root.tsx","type":"cjs self exports reference","active":true,"explanation":"","userRequest":null,"loc":"2:31-51","moduleId":416,"resolvedModuleId":416},{"moduleIdentifier":null,"module":null,"moduleName":null,"resolvedModuleIdentifier":null,"resolvedModule":null,"type":"entry","active":true,"explanation":"","userRequest":"./src/pages/root.tsx","loc":"root","moduleId":null,"resolvedModuleId":null}],"usedExports":null,"providedExports":null,"optimizationBailout":["CommonJS bailout: this is used directly at 2:23-27","Statement (VariableDeclaration) with side effects in source code at 2:0-4:2","ModuleConcatenation bailout: Module is not an ECMAScript module"],"depth":0}],"origins":[{"module":"","moduleIdentifier":"","moduleName":"","loc":"root","request":"./src/pages/root.tsx"}]},{"rendered":true,"initial":true,"entry":true,"recorded":false,"size":10203,"sizes":{"javascript":10203},"names":["root2"],"idHints":[],"runtime":["root2"],"files":["root2.c8468d6a0f845ffd3996.js"],"auxiliaryFiles":[],"hash":"795fa8f3dda4c479703f","childrenByOrder":{},"id":849,"siblings":[],"parents":[],"children":[],"modules":[{"type":"module","moduleType":"javascript/auto","layer":null,"size":2108,"sizes":{"javascript":2108},"built":true,"codeGenerated":true,"buildTimeExecuted":false,"cached":false,"identifier":".\\node_modules\\object-assign\\index.js","name":"./node_modules/object-assign/index.js","nameForCondition":".\\node_modules\\object-assign\\index.js","index":3,"preOrderIndex":3,"index2":0,"postOrderIndex":0,"cacheable":true,"optional":false,"orphan":false,"dependent":true,"issuer":".\\node_modules\\react\\cjs\\react.production.min.js","issuerName":"./node_modules/react/cjs/react.production.min.js","issuerPath":[{"identifier":".\\node_modules\\ts-loader\\index.js!.\\loaders\\i18n-loader.cjs??ruleSet[1].rules[0].use[1]!.\\src\\pages\\root.tsx","name":"./src/pages/root.tsx","id":416},{"identifier":".\\node_modules\\react\\index.js","name":"./node_modules/react/index.js","id":294},{"identifier":".\\node_modules\\react\\cjs\\react.production.min.js","name":"./node_modules/react/cjs/react.production.min.js","id":408}],"failed":false,"errors":0,"warnings":0,"id":418,"issuerId":408,"chunks":[481,849],"assets":[],"reasons":[{"moduleIdentifier":".\\node_modules\\object-assign\\index.js","module":"./node_modules/object-assign/index.js","moduleName":"./node_modules/object-assign/index.js","resolvedModuleIdentifier":".\\node_modules\\object-assign\\index.js","resolvedModule":"./node_modules/object-assign/index.js","type":"cjs self exports reference","active":true,"explanation":"","userRequest":null,"loc":"65:0-14","moduleId":418,"resolvedModuleId":418},{"moduleIdentifier":".\\node_modules\\react\\cjs\\react.production.min.js","module":"./node_modules/react/cjs/react.production.min.js","moduleName":"./node_modules/react/cjs/react.production.min.js","resolvedModuleIdentifier":".\\node_modules\\react\\cjs\\react.production.min.js","resolvedModule":"./node_modules/react/cjs/react.production.min.js","type":"cjs require","active":true,"explanation":"","userRequest":"object-assign","loc":"9:19-43","moduleId":408,"resolvedModuleId":408}],"usedExports":null,"providedExports":null,"optimizationBailout":["CommonJS bailout: module.exports is used directly at 65:0-14","Statement (VariableDeclaration) with side effects in source code at 9:0-57","ModuleConcatenation bailout: Module is not an ECMAScript module"],"depth":3},{"type":"module","moduleType":"javascript/auto","layer":null,"size":6450,"sizes":{"javascript":6450},"built":true,"codeGenerated":true,"buildTimeExecuted":false,"cached":false,"identifier":".\\node_modules\\react\\cjs\\react.production.min.js","name":"./node_modules/react/cjs/react.production.min.js","nameForCondition":".\\node_modules\\react\\cjs\\react.production.min.js","index":2,"preOrderIndex":2,"index2":1,"postOrderIndex":1,"cacheable":true,"optional":false,"orphan":false,"dependent":true,"issuer":".\\node_modules\\react\\index.js","issuerName":"./node_modules/react/index.js","issuerPath":[{"identifier":".\\node_modules\\ts-loader\\index.js!.\\loaders\\i18n-loader.cjs??ruleSet[1].rules[0].use[1]!.\\src\\pages\\root.tsx","name":"./src/pages/root.tsx","id":416},{"identifier":".\\node_modules\\react\\index.js","name":"./node_modules/react/index.js","id":294}],"failed":false,"errors":0,"warnings":0,"id":408,"issuerId":294,"chunks":[481,849],"assets":[],"reasons":[{"moduleIdentifier":".\\node_modules\\react\\index.js","module":"./node_modules/react/index.js","moduleName":"./node_modules/react/index.js","resolvedModuleIdentifier":".\\node_modules\\react\\index.js","resolvedModule":"./node_modules/react/index.js","type":"cjs export require","active":true,"explanation":"","userRequest":"./cjs/react.production.min.js","loc":"4:2-59","moduleId":294,"resolvedModuleId":294}],"usedExports":true,"providedExports":["Children","Component","Fragment","Profiler","PureComponent","StrictMode","Suspense","__SECRET_INTERNALS_DO_NOT_USE_OR_YOU_WILL_BE_FIRED","cloneElement","createContext","createElement","createFactory","createRef","forwardRef","isValidElement","lazy","memo","useCallback","useContext","useDebugValue","useEffect","useImperativeHandle","useLayoutEffect","useMemo","useReducer","useRef","useState","version"],"optimizationBailout":["Statement (VariableDeclaration) with side effects in source code at 9:13-60","ModuleConcatenation bailout: Module is not an ECMAScript module"],"depth":2},{"type":"module","moduleType":"javascript/auto","layer":null,"size":190,"sizes":{"javascript":190},"built":true,"codeGenerated":true,"buildTimeExecuted":false,"cached":false,"identifier":".\\node_modules\\react\\index.js","name":"./node_modules/react/index.js","nameForCondition":".\\node_modules\\react\\index.js","index":1,"preOrderIndex":1,"index2":2,"postOrderIndex":2,"cacheable":true,"optional":false,"orphan":false,"dependent":true,"issuer":".\\node_modules\\ts-loader\\index.js!.\\loaders\\i18n-loader.cjs??ruleSet[1].rules[0].use[1]!.\\src\\pages\\root.tsx","issuerName":"./src/pages/root.tsx","issuerPath":[{"identifier":".\\node_modules\\ts-loader\\index.js!.\\loaders\\i18n-loader.cjs??ruleSet[1].rules[0].use[1]!.\\src\\pages\\root.tsx","name":"./src/pages/root.tsx","id":416}],"failed":false,"errors":0,"warnings":0,"id":294,"issuerId":416,"chunks":[481,849],"assets":[],"reasons":[{"moduleIdentifier":".\\node_modules\\ts-loader\\index.js!.\\loaders\\i18n-loader.cjs??ruleSet[1].rules[0].use[1]!.\\src\\i18n\\I18NTask.tsx","module":"./src/i18n/I18NTask.tsx","moduleName":"./src/i18n/I18NTask.tsx","resolvedModuleIdentifier":".\\node_modules\\ts-loader\\index.js!.\\loaders\\i18n-loader.cjs??ruleSet[1].rules[0].use[1]!.\\src\\i18n\\I18NTask.tsx","resolvedModule":"./src/i18n/I18NTask.tsx","type":"cjs require","active":true,"explanation":"","userRequest":"react","loc":"6:30-46","moduleId":745,"resolvedModuleId":745},{"moduleIdentifier":".\\node_modules\\ts-loader\\index.js!.\\loaders\\i18n-loader.cjs??ruleSet[1].rules[0].use[1]!.\\src\\pages\\root.tsx","module":"./src/pages/root.tsx","moduleName":"./src/pages/root.tsx","resolvedModuleIdentifier":".\\node_modules\\ts-loader\\index.js!.\\loaders\\i18n-loader.cjs??ruleSet[1].rules[0].use[1]!.\\src\\pages\\root.tsx","resolvedModule":"./src/pages/root.tsx","type":"cjs require","active":true,"explanation":"","userRequest":"react","loc":"6:30-46","moduleId":416,"resolvedModuleId":416},{"moduleIdentifier":".\\node_modules\\ts-loader\\index.js!.\\loaders\\i18n-loader.cjs??ruleSet[1].rules[0].use[1]!.\\src\\pages\\root2.tsx","module":"./src/pages/root2.tsx","moduleName":"./src/pages/root2.tsx","resolvedModuleIdentifier":".\\node_modules\\ts-loader\\index.js!.\\loaders\\i18n-loader.cjs??ruleSet[1].rules[0].use[1]!.\\src\\pages\\root2.tsx","resolvedModule":"./src/pages/root2.tsx","type":"cjs require","active":true,"explanation":"","userRequest":"react","loc":"6:30-46","moduleId":302,"resolvedModuleId":302}],"usedExports":true,"providedExports":["Children","Component","Fragment","Profiler","PureComponent","StrictMode","Suspense","__SECRET_INTERNALS_DO_NOT_USE_OR_YOU_WILL_BE_FIRED","cloneElement","createContext","createElement","createFactory","createRef","forwardRef","isValidElement","lazy","memo","useCallback","useContext","useDebugValue","useEffect","useImperativeHandle","useLayoutEffect","useMemo","useReducer","useRef","useState","version"],"optimizationBailout":["Statement (ExpressionStatement) with side effects in source code at 4:2-60","ModuleConcatenation bailout: Module is not an ECMAScript module"],"depth":1},{"type":"module","moduleType":"javascript/auto","layer":null,"size":154,"sizes":{"javascript":154},"built":true,"codeGenerated":true,"buildTimeExecuted":false,"cached":false,"identifier":".\\node_modules\\ts-loader\\index.js!.\\loaders\\i18n-loader.cjs??ruleSet[1].rules[0].use[1]!.\\src\\components\\Link2.ts","name":"./src/components/Link2.ts","nameForCondition":".\\src\\components\\Link2.ts","index":9,"preOrderIndex":9,"index2":8,"postOrderIndex":8,"cacheable":true,"optional":false,"orphan":false,"dependent":true,"issuer":".\\node_modules\\ts-loader\\index.js!.\\loaders\\i18n-loader.cjs??ruleSet[1].rules[0].use[1]!.\\src\\pages\\root2.tsx","issuerName":"./src/pages/root2.tsx","issuerPath":[{"identifier":".\\node_modules\\ts-loader\\index.js!.\\loaders\\i18n-loader.cjs??ruleSet[1].rules[0].use[1]!.\\src\\pages\\root2.tsx","name":"./src/pages/root2.tsx","id":302}],"failed":false,"errors":0,"warnings":0,"id":923,"issuerId":302,"chunks":[849],"assets":[],"reasons":[{"moduleIdentifier":".\\node_modules\\ts-loader\\index.js!.\\loaders\\i18n-loader.cjs??ruleSet[1].rules[0].use[1]!.\\src\\pages\\root2.tsx","module":"./src/pages/root2.tsx","moduleName":"./src/pages/root2.tsx","resolvedModuleIdentifier":".\\node_modules\\ts-loader\\index.js!.\\loaders\\i18n-loader.cjs??ruleSet[1].rules[0].use[1]!.\\src\\pages\\root2.tsx","resolvedModule":"./src/pages/root2.tsx","type":"cjs require","active":true,"explanation":"","userRequest":"../components/Link2","loc":"9:14-44","moduleId":302,"resolvedModuleId":302}],"usedExports":true,"providedExports":["LinkComponent","__esModule"],"optimizationBailout":["Statement (ExpressionStatement) with side effects in source code at 2:0-62","ModuleConcatenation bailout: Module is not an ECMAScript module"],"depth":1},{"type":"module","moduleType":"javascript/auto","layer":null,"size":145,"sizes":{"javascript":145},"built":true,"codeGenerated":true,"buildTimeExecuted":false,"cached":false,"identifier":".\\node_modules\\ts-loader\\index.js!.\\loaders\\i18n-loader.cjs??ruleSet[1].rules[0].use[1]!.\\src\\entities\\link2.ts","name":"./src/entities/link2.ts","nameForCondition":".\\src\\entities\\link2.ts","index":8,"preOrderIndex":8,"index2":7,"postOrderIndex":7,"cacheable":true,"optional":false,"orphan":false,"dependent":true,"issuer":".\\node_modules\\ts-loader\\index.js!.\\loaders\\i18n-loader.cjs??ruleSet[1].rules[0].use[1]!.\\src\\pages\\root2.tsx","issuerName":"./src/pages/root2.tsx","issuerPath":[{"identifier":".\\node_modules\\ts-loader\\index.js!.\\loaders\\i18n-loader.cjs??ruleSet[1].rules[0].use[1]!.\\src\\pages\\root2.tsx","name":"./src/pages/root2.tsx","id":302}],"failed":false,"errors":0,"warnings":0,"id":834,"issuerId":302,"chunks":[849],"assets":[],"reasons":[{"moduleIdentifier":".\\node_modules\\ts-loader\\index.js!.\\loaders\\i18n-loader.cjs??ruleSet[1].rules[0].use[1]!.\\src\\pages\\root2.tsx","module":"./src/pages/root2.tsx","moduleName":"./src/pages/root2.tsx","resolvedModuleIdentifier":".\\node_modules\\ts-loader\\index.js!.\\loaders\\i18n-loader.cjs??ruleSet[1].rules[0].use[1]!.\\src\\pages\\root2.tsx","resolvedModule":"./src/pages/root2.tsx","type":"cjs require","active":true,"explanation":"","userRequest":"../entities/link2","loc":"8:14-42","moduleId":302,"resolvedModuleId":302}],"usedExports":true,"providedExports":["LinkEntity","__esModule"],"optimizationBailout":["Statement (ExpressionStatement) with side effects in source code at 2:0-62","ModuleConcatenation bailout: Module is not an ECMAScript module"],"depth":1},{"type":"module","moduleType":"javascript/auto","layer":null,"size":403,"sizes":{"javascript":403},"built":true,"codeGenerated":true,"buildTimeExecuted":false,"cached":false,"identifier":".\\node_modules\\ts-loader\\index.js!.\\loaders\\i18n-loader.cjs??ruleSet[1].rules[0].use[1]!.\\src\\i18n\\I18NTask.tsx","name":"./src/i18n/I18NTask.tsx","nameForCondition":".\\src\\i18n\\I18NTask.tsx","index":7,"preOrderIndex":7,"index2":6,"postOrderIndex":6,"cacheable":true,"optional":false,"orphan":false,"dependent":true,"issuer":".\\node_modules\\ts-loader\\index.js!.\\loaders\\i18n-loader.cjs??ruleSet[1].rules[0].use[1]!.\\src\\pages\\root2.tsx","issuerName":"./src/pages/root2.tsx","issuerPath":[{"identifier":".\\node_modules\\ts-loader\\index.js!.\\loaders\\i18n-loader.cjs??ruleSet[1].rules[0].use[1]!.\\src\\pages\\root2.tsx","name":"./src/pages/root2.tsx","id":302}],"failed":false,"errors":0,"warnings":0,"id":745,"issuerId":302,"chunks":[849],"assets":[],"reasons":[{"moduleIdentifier":".\\node_modules\\ts-loader\\index.js!.\\loaders\\i18n-loader.cjs??ruleSet[1].rules[0].use[1]!.\\src\\i18n\\I18NTask.tsx","module":"./src/i18n/I18NTask.tsx","moduleName":"./src/i18n/I18NTask.tsx","resolvedModuleIdentifier":".\\node_modules\\ts-loader\\index.js!.\\loaders\\i18n-loader.cjs??ruleSet[1].rules[0].use[1]!.\\src\\i18n\\I18NTask.tsx","resolvedModule":"./src/i18n/I18NTask.tsx","type":"cjs self exports reference","active":true,"explanation":"","userRequest":null,"loc":"2:23-27","moduleId":745,"resolvedModuleId":745},{"moduleIdentifier":".\\node_modules\\ts-loader\\index.js!.\\loaders\\i18n-loader.cjs??ruleSet[1].rules[0].use[1]!.\\src\\i18n\\I18NTask.tsx","module":"./src/i18n/I18NTask.tsx","moduleName":"./src/i18n/I18NTask.tsx","resolvedModuleIdentifier":".\\node_modules\\ts-loader\\index.js!.\\loaders\\i18n-loader.cjs??ruleSet[1].rules[0].use[1]!.\\src\\i18n\\I18NTask.tsx","resolvedModule":"./src/i18n/I18NTask.tsx","type":"cjs self exports reference","active":true,"explanation":"","userRequest":null,"loc":"2:31-51","moduleId":745,"resolvedModuleId":745},{"moduleIdentifier":".\\node_modules\\ts-loader\\index.js!.\\loaders\\i18n-loader.cjs??ruleSet[1].rules[0].use[1]!.\\src\\pages\\root2.tsx","module":"./src/pages/root2.tsx","moduleName":"./src/pages/root2.tsx","resolvedModuleIdentifier":".\\node_modules\\ts-loader\\index.js!.\\loaders\\i18n-loader.cjs??ruleSet[1].rules[0].use[1]!.\\src\\pages\\root2.tsx","resolvedModule":"./src/pages/root2.tsx","type":"cjs require","active":true,"explanation":"","userRequest":"../i18n/I18NTask","loc":"7:33-60","moduleId":302,"resolvedModuleId":302}],"usedExports":null,"providedExports":null,"optimizationBailout":["CommonJS bailout: this is used directly at 2:23-27","Statement (VariableDeclaration) with side effects in source code at 2:0-4:2","ModuleConcatenation bailout: Module is not an ECMAScript module"],"depth":1},{"type":"module","moduleType":"javascript/auto","layer":null,"size":753,"sizes":{"javascript":753},"built":true,"codeGenerated":true,"buildTimeExecuted":false,"cached":false,"identifier":".\\node_modules\\ts-loader\\index.js!.\\loaders\\i18n-loader.cjs??ruleSet[1].rules[0].use[1]!.\\src\\pages\\root2.tsx","name":"./src/pages/root2.tsx","nameForCondition":".\\src\\pages\\root2.tsx","index":6,"preOrderIndex":6,"index2":9,"postOrderIndex":9,"cacheable":true,"optional":false,"orphan":false,"dependent":false,"issuer":null,"issuerName":null,"issuerPath":null,"failed":false,"errors":0,"warnings":0,"id":302,"issuerId":null,"chunks":[849],"assets":[],"reasons":[{"moduleIdentifier":".\\node_modules\\ts-loader\\index.js!.\\loaders\\i18n-loader.cjs??ruleSet[1].rules[0].use[1]!.\\src\\pages\\root2.tsx","module":"./src/pages/root2.tsx","moduleName":"./src/pages/root2.tsx","resolvedModuleIdentifier":".\\node_modules\\ts-loader\\index.js!.\\loaders\\i18n-loader.cjs??ruleSet[1].rules[0].use[1]!.\\src\\pages\\root2.tsx","resolvedModule":"./src/pages/root2.tsx","type":"cjs self exports reference","active":true,"explanation":"","userRequest":null,"loc":"2:23-27","moduleId":302,"resolvedModuleId":302},{"moduleIdentifier":".\\node_modules\\ts-loader\\index.js!.\\loaders\\i18n-loader.cjs??ruleSet[1].rules[0].use[1]!.\\src\\pages\\root2.tsx","module":"./src/pages/root2.tsx","moduleName":"./src/pages/root2.tsx","resolvedModuleIdentifier":".\\node_modules\\ts-loader\\index.js!.\\loaders\\i18n-loader.cjs??ruleSet[1].rules[0].use[1]!.\\src\\pages\\root2.tsx","resolvedModule":"./src/pages/root2.tsx","type":"cjs self exports reference","active":true,"explanation":"","userRequest":null,"loc":"2:31-51","moduleId":302,"resolvedModuleId":302},{"moduleIdentifier":null,"module":null,"moduleName":null,"resolvedModuleIdentifier":null,"resolvedModule":null,"type":"entry","active":true,"explanation":"","userRequest":"./src/pages/root2.tsx","loc":"root2","moduleId":null,"resolvedModuleId":null}],"usedExports":null,"providedExports":null,"optimizationBailout":["CommonJS bailout: this is used directly at 2:23-27","Statement (VariableDeclaration) with side effects in source code at 2:0-4:2","ModuleConcatenation bailout: Module is not an ECMAScript module"],"depth":0}],"origins":[{"module":"","moduleIdentifier":"","moduleName":"","loc":"root2","request":"./src/pages/root2.tsx"}]}],"modules":[{"type":"module","moduleType":"javascript/auto","layer":null,"size":615,"sizes":{"javascript":615},"built":true,"codeGenerated":true,"buildTimeExecuted":false,"cached":false,"identifier":".\\node_modules\\ts-loader\\index.js!.\\loaders\\i18n-loader.cjs??ruleSet[1].rules[0].use[1]!.\\src\\pages\\root.tsx","name":"./src/pages/root.tsx","nameForCondition":".\\src\\pages\\root.tsx","index":0,"preOrderIndex":0,"index2":5,"postOrderIndex":5,"cacheable":true,"optional":false,"orphan":false,"issuer":null,"issuerName":null,"issuerPath":null,"failed":false,"errors":0,"warnings":0,"id":416,"issuerId":null,"chunks":[481],"assets":[],"reasons":[{"moduleIdentifier":".\\node_modules\\ts-loader\\index.js!.\\loaders\\i18n-loader.cjs??ruleSet[1].rules[0].use[1]!.\\src\\pages\\root.tsx","module":"./src/pages/root.tsx","moduleName":"./src/pages/root.tsx","resolvedModuleIdentifier":".\\node_modules\\ts-loader\\index.js!.\\loaders\\i18n-loader.cjs??ruleSet[1].rules[0].use[1]!.\\src\\pages\\root.tsx","resolvedModule":"./src/pages/root.tsx","type":"cjs self exports reference","active":true,"explanation":"","userRequest":null,"loc":"2:23-27","moduleId":416,"resolvedModuleId":416},{"moduleIdentifier":".\\node_modules\\ts-loader\\index.js!.\\loaders\\i18n-loader.cjs??ruleSet[1].rules[0].use[1]!.\\src\\pages\\root.tsx","module":"./src/pages/root.tsx","moduleName":"./src/pages/root.tsx","resolvedModuleIdentifier":".\\node_modules\\ts-loader\\index.js!.\\loaders\\i18n-loader.cjs??ruleSet[1].rules[0].use[1]!.\\src\\pages\\root.tsx","resolvedModule":"./src/pages/root.tsx","type":"cjs self exports reference","active":true,"explanation":"","userRequest":null,"loc":"2:31-51","moduleId":416,"resolvedModuleId":416},{"moduleIdentifier":null,"module":null,"moduleName":null,"resolvedModuleIdentifier":null,"resolvedModule":null,"type":"entry","active":true,"explanation":"","userRequest":"./src/pages/root.tsx","loc":"root","moduleId":null,"resolvedModuleId":null}],"usedExports":null,"providedExports":null,"optimizationBailout":["CommonJS bailout: this is used directly at 2:23-27","Statement (VariableDeclaration) with side effects in source code at 2:0-4:2","ModuleConcatenation bailout: Module is not an ECMAScript module"],"depth":0},{"type":"module","moduleType":"javascript/auto","layer":null,"size":753,"sizes":{"javascript":753},"built":true,"codeGenerated":true,"buildTimeExecuted":false,"cached":false,"identifier":".\\node_modules\\ts-loader\\index.js!.\\loaders\\i18n-loader.cjs??ruleSet[1].rules[0].use[1]!.\\src\\pages\\root2.tsx","name":"./src/pages/root2.tsx","nameForCondition":".\\src\\pages\\root2.tsx","index":6,"preOrderIndex":6,"index2":9,"postOrderIndex":9,"cacheable":true,"optional":false,"orphan":false,"issuer":null,"issuerName":null,"issuerPath":null,"failed":false,"errors":0,"warnings":0,"id":302,"issuerId":null,"chunks":[849],"assets":[],"reasons":[{"moduleIdentifier":".\\node_modules\\ts-loader\\index.js!.\\loaders\\i18n-loader.cjs??ruleSet[1].rules[0].use[1]!.\\src\\pages\\root2.tsx","module":"./src/pages/root2.tsx","moduleName":"./src/pages/root2.tsx","resolvedModuleIdentifier":".\\node_modules\\ts-loader\\index.js!.\\loaders\\i18n-loader.cjs??ruleSet[1].rules[0].use[1]!.\\src\\pages\\root2.tsx","resolvedModule":"./src/pages/root2.tsx","type":"cjs self exports reference","active":true,"explanation":"","userRequest":null,"loc":"2:23-27","moduleId":302,"resolvedModuleId":302},{"moduleIdentifier":".\\node_modules\\ts-loader\\index.js!.\\loaders\\i18n-loader.cjs??ruleSet[1].rules[0].use[1]!.\\src\\pages\\root2.tsx","module":"./src/pages/root2.tsx","moduleName":"./src/pages/root2.tsx","resolvedModuleIdentifier":".\\node_modules\\ts-loader\\index.js!.\\loaders\\i18n-loader.cjs??ruleSet[1].rules[0].use[1]!.\\src\\pages\\root2.tsx","resolvedModule":"./src/pages/root2.tsx","type":"cjs self exports reference","active":true,"explanation":"","userRequest":null,"loc":"2:31-51","moduleId":302,"resolvedModuleId":302},{"moduleIdentifier":null,"module":null,"moduleName":null,"resolvedModuleIdentifier":null,"resolvedModule":null,"type":"entry","active":true,"explanation":"","userRequest":"./src/pages/root2.tsx","loc":"root2","moduleId":null,"resolvedModuleId":null}],"usedExports":null,"providedExports":null,"optimizationBailout":["CommonJS bailout: this is used directly at 2:23-27","Statement (VariableDeclaration) with side effects in source code at 2:0-4:2","ModuleConcatenation bailout: Module is not an ECMAScript module"],"depth":0},{"type":"module","moduleType":"javascript/auto","layer":null,"size":190,"sizes":{"javascript":190},"built":true,"codeGenerated":true,"buildTimeExecuted":false,"cached":false,"identifier":".\\node_modules\\react\\index.js","name":"./node_modules/react/index.js","nameForCondition":".\\node_modules\\react\\index.js","index":1,"preOrderIndex":1,"index2":2,"postOrderIndex":2,"cacheable":true,"optional":false,"orphan":false,"issuer":".\\node_modules\\ts-loader\\index.js!.\\loaders\\i18n-loader.cjs??ruleSet[1].rules[0].use[1]!.\\src\\pages\\root.tsx","issuerName":"./src/pages/root.tsx","issuerPath":[{"identifier":".\\node_modules\\ts-loader\\index.js!.\\loaders\\i18n-loader.cjs??ruleSet[1].rules[0].use[1]!.\\src\\pages\\root.tsx","name":"./src/pages/root.tsx","id":416}],"failed":false,"errors":0,"warnings":0,"id":294,"issuerId":416,"chunks":[481,849],"assets":[],"reasons":[{"moduleIdentifier":".\\node_modules\\ts-loader\\index.js!.\\loaders\\i18n-loader.cjs??ruleSet[1].rules[0].use[1]!.\\src\\i18n\\I18NTask.tsx","module":"./src/i18n/I18NTask.tsx","moduleName":"./src/i18n/I18NTask.tsx","resolvedModuleIdentifier":".\\node_modules\\ts-loader\\index.js!.\\loaders\\i18n-loader.cjs??ruleSet[1].rules[0].use[1]!.\\src\\i18n\\I18NTask.tsx","resolvedModule":"./src/i18n/I18NTask.tsx","type":"cjs require","active":true,"explanation":"","userRequest":"react","loc":"6:30-46","moduleId":745,"resolvedModuleId":745},{"moduleIdentifier":".\\node_modules\\ts-loader\\index.js!.\\loaders\\i18n-loader.cjs??ruleSet[1].rules[0].use[1]!.\\src\\pages\\root.tsx","module":"./src/pages/root.tsx","moduleName":"./src/pages/root.tsx","resolvedModuleIdentifier":".\\node_modules\\ts-loader\\index.js!.\\loaders\\i18n-loader.cjs??ruleSet[1].rules[0].use[1]!.\\src\\pages\\root.tsx","resolvedModule":"./src/pages/root.tsx","type":"cjs require","active":true,"explanation":"","userRequest":"react","loc":"6:30-46","moduleId":416,"resolvedModuleId":416},{"moduleIdentifier":".\\node_modules\\ts-loader\\index.js!.\\loaders\\i18n-loader.cjs??ruleSet[1].rules[0].use[1]!.\\src\\pages\\root2.tsx","module":"./src/pages/root2.tsx","moduleName":"./src/pages/root2.tsx","resolvedModuleIdentifier":".\\node_modules\\ts-loader\\index.js!.\\loaders\\i18n-loader.cjs??ruleSet[1].rules[0].use[1]!.\\src\\pages\\root2.tsx","resolvedModule":"./src/pages/root2.tsx","type":"cjs require","active":true,"explanation":"","userRequest":"react","loc":"6:30-46","moduleId":302,"resolvedModuleId":302}],"usedExports":true,"providedExports":["Children","Component","Fragment","Profiler","PureComponent","StrictMode","Suspense","__SECRET_INTERNALS_DO_NOT_USE_OR_YOU_WILL_BE_FIRED","cloneElement","createContext","createElement","createFactory","createRef","forwardRef","isValidElement","lazy","memo","useCallback","useContext","useDebugValue","useEffect","useImperativeHandle","useLayoutEffect","useMemo","useReducer","useRef","useState","version"],"optimizationBailout":["Statement (ExpressionStatement) with side effects in source code at 4:2-60","ModuleConcatenation bailout: Module is not an ECMAScript module"],"depth":1},{"type":"module","moduleType":"javascript/auto","layer":null,"size":145,"sizes":{"javascript":145},"built":true,"codeGenerated":true,"buildTimeExecuted":false,"cached":false,"identifier":".\\node_modules\\ts-loader\\index.js!.\\loaders\\i18n-loader.cjs??ruleSet[1].rules[0].use[1]!.\\src\\entities\\link.ts","name":"./src/entities/link.ts","nameForCondition":".\\src\\entities\\link.ts","index":4,"preOrderIndex":4,"index2":3,"postOrderIndex":3,"cacheable":true,"optional":false,"orphan":false,"issuer":".\\node_modules\\ts-loader\\index.js!.\\loaders\\i18n-loader.cjs??ruleSet[1].rules[0].use[1]!.\\src\\pages\\root.tsx","issuerName":"./src/pages/root.tsx","issuerPath":[{"identifier":".\\node_modules\\ts-loader\\index.js!.\\loaders\\i18n-loader.cjs??ruleSet[1].rules[0].use[1]!.\\src\\pages\\root.tsx","name":"./src/pages/root.tsx","id":416}],"failed":false,"errors":0,"warnings":0,"id":363,"issuerId":416,"chunks":[481],"assets":[],"reasons":[{"moduleIdentifier":".\\node_modules\\ts-loader\\index.js!.\\loaders\\i18n-loader.cjs??ruleSet[1].rules[0].use[1]!.\\src\\pages\\root.tsx","module":"./src/pages/root.tsx","moduleName":"./src/pages/root.tsx","resolvedModuleIdentifier":".\\node_modules\\ts-loader\\index.js!.\\loaders\\i18n-loader.cjs??ruleSet[1].rules[0].use[1]!.\\src\\pages\\root.tsx","resolvedModule":"./src/pages/root.tsx","type":"cjs require","active":true,"explanation":"","userRequest":"../entities/link","loc":"7:13-40","moduleId":416,"resolvedModuleId":416}],"usedExports":true,"providedExports":["LinkEntity","__esModule"],"optimizationBailout":["Statement (ExpressionStatement) with side effects in source code at 2:0-62","ModuleConcatenation bailout: Module is not an ECMAScript module"],"depth":1},{"type":"module","moduleType":"javascript/auto","layer":null,"size":154,"sizes":{"javascript":154},"built":true,"codeGenerated":true,"buildTimeExecuted":false,"cached":false,"identifier":".\\node_modules\\ts-loader\\index.js!.\\loaders\\i18n-loader.cjs??ruleSet[1].rules[0].use[1]!.\\src\\components\\Link.ts","name":"./src/components/Link.ts","nameForCondition":".\\src\\components\\Link.ts","index":5,"preOrderIndex":5,"index2":4,"postOrderIndex":4,"cacheable":true,"optional":false,"orphan":false,"issuer":".\\node_modules\\ts-loader\\index.js!.\\loaders\\i18n-loader.cjs??ruleSet[1].rules[0].use[1]!.\\src\\pages\\root.tsx","issuerName":"./src/pages/root.tsx","issuerPath":[{"identifier":".\\node_modules\\ts-loader\\index.js!.\\loaders\\i18n-loader.cjs??ruleSet[1].rules[0].use[1]!.\\src\\pages\\root.tsx","name":"./src/pages/root.tsx","id":416}],"failed":false,"errors":0,"warnings":0,"id":625,"issuerId":416,"chunks":[481],"assets":[],"reasons":[{"moduleIdentifier":".\\node_modules\\ts-loader\\index.js!.\\loaders\\i18n-loader.cjs??ruleSet[1].rules[0].use[1]!.\\src\\pages\\root.tsx","module":"./src/pages/root.tsx","moduleName":"./src/pages/root.tsx","resolvedModuleIdentifier":".\\node_modules\\ts-loader\\index.js!.\\loaders\\i18n-loader.cjs??ruleSet[1].rules[0].use[1]!.\\src\\pages\\root.tsx","resolvedModule":"./src/pages/root.tsx","type":"cjs require","active":true,"explanation":"","userRequest":"../components/Link","loc":"8:13-42","moduleId":416,"resolvedModuleId":416}],"usedExports":true,"providedExports":["LinkComponent","__esModule"],"optimizationBailout":["Statement (ExpressionStatement) with side effects in source code at 2:0-62","ModuleConcatenation bailout: Module is not an ECMAScript module"],"depth":1},{"type":"module","moduleType":"javascript/auto","layer":null,"size":403,"sizes":{"javascript":403},"built":true,"codeGenerated":true,"buildTimeExecuted":false,"cached":false,"identifier":".\\node_modules\\ts-loader\\index.js!.\\loaders\\i18n-loader.cjs??ruleSet[1].rules[0].use[1]!.\\src\\i18n\\I18NTask.tsx","name":"./src/i18n/I18NTask.tsx","nameForCondition":".\\src\\i18n\\I18NTask.tsx","index":7,"preOrderIndex":7,"index2":6,"postOrderIndex":6,"cacheable":true,"optional":false,"orphan":false,"issuer":".\\node_modules\\ts-loader\\index.js!.\\loaders\\i18n-loader.cjs??ruleSet[1].rules[0].use[1]!.\\src\\pages\\root2.tsx","issuerName":"./src/pages/root2.tsx","issuerPath":[{"identifier":".\\node_modules\\ts-loader\\index.js!.\\loaders\\i18n-loader.cjs??ruleSet[1].rules[0].use[1]!.\\src\\pages\\root2.tsx","name":"./src/pages/root2.tsx","id":302}],"failed":false,"errors":0,"warnings":0,"id":745,"issuerId":302,"chunks":[849],"assets":[],"reasons":[{"moduleIdentifier":".\\node_modules\\ts-loader\\index.js!.\\loaders\\i18n-loader.cjs??ruleSet[1].rules[0].use[1]!.\\src\\i18n\\I18NTask.tsx","module":"./src/i18n/I18NTask.tsx","moduleName":"./src/i18n/I18NTask.tsx","resolvedModuleIdentifier":".\\node_modules\\ts-loader\\index.js!.\\loaders\\i18n-loader.cjs??ruleSet[1].rules[0].use[1]!.\\src\\i18n\\I18NTask.tsx","resolvedModule":"./src/i18n/I18NTask.tsx","type":"cjs self exports reference","active":true,"explanation":"","userRequest":null,"loc":"2:23-27","moduleId":745,"resolvedModuleId":745},{"moduleIdentifier":".\\node_modules\\ts-loader\\index.js!.\\loaders\\i18n-loader.cjs??ruleSet[1].rules[0].use[1]!.\\src\\i18n\\I18NTask.tsx","module":"./src/i18n/I18NTask.tsx","moduleName":"./src/i18n/I18NTask.tsx","resolvedModuleIdentifier":".\\node_modules\\ts-loader\\index.js!.\\loaders\\i18n-loader.cjs??ruleSet[1].rules[0].use[1]!.\\src\\i18n\\I18NTask.tsx","resolvedModule":"./src/i18n/I18NTask.tsx","type":"cjs self exports reference","active":true,"explanation":"","userRequest":null,"loc":"2:31-51","moduleId":745,"resolvedModuleId":745},{"moduleIdentifier":".\\node_modules\\ts-loader\\index.js!.\\loaders\\i18n-loader.cjs??ruleSet[1].rules[0].use[1]!.\\src\\pages\\root2.tsx","module":"./src/pages/root2.tsx","moduleName":"./src/pages/root2.tsx","resolvedModuleIdentifier":".\\node_modules\\ts-loader\\index.js!.\\loaders\\i18n-loader.cjs??ruleSet[1].rules[0].use[1]!.\\src\\pages\\root2.tsx","resolvedModule":"./src/pages/root2.tsx","type":"cjs require","active":true,"explanation":"","userRequest":"../i18n/I18NTask","loc":"7:33-60","moduleId":302,"resolvedModuleId":302}],"usedExports":null,"providedExports":null,"optimizationBailout":["CommonJS bailout: this is used directly at 2:23-27","Statement (VariableDeclaration) with side effects in source code at 2:0-4:2","ModuleConcatenation bailout: Module is not an ECMAScript module"],"depth":1},{"type":"module","moduleType":"javascript/auto","layer":null,"size":145,"sizes":{"javascript":145},"built":true,"codeGenerated":true,"buildTimeExecuted":false,"cached":false,"identifier":".\\node_modules\\ts-loader\\index.js!.\\loaders\\i18n-loader.cjs??ruleSet[1].rules[0].use[1]!.\\src\\entities\\link2.ts","name":"./src/entities/link2.ts","nameForCondition":".\\src\\entities\\link2.ts","index":8,"preOrderIndex":8,"index2":7,"postOrderIndex":7,"cacheable":true,"optional":false,"orphan":false,"issuer":".\\node_modules\\ts-loader\\index.js!.\\loaders\\i18n-loader.cjs??ruleSet[1].rules[0].use[1]!.\\src\\pages\\root2.tsx","issuerName":"./src/pages/root2.tsx","issuerPath":[{"identifier":".\\node_modules\\ts-loader\\index.js!.\\loaders\\i18n-loader.cjs??ruleSet[1].rules[0].use[1]!.\\src\\pages\\root2.tsx","name":"./src/pages/root2.tsx","id":302}],"failed":false,"errors":0,"warnings":0,"id":834,"issuerId":302,"chunks":[849],"assets":[],"reasons":[{"moduleIdentifier":".\\node_modules\\ts-loader\\index.js!.\\loaders\\i18n-loader.cjs??ruleSet[1].rules[0].use[1]!.\\src\\pages\\root2.tsx","module":"./src/pages/root2.tsx","moduleName":"./src/pages/root2.tsx","resolvedModuleIdentifier":".\\node_modules\\ts-loader\\index.js!.\\loaders\\i18n-loader.cjs??ruleSet[1].rules[0].use[1]!.\\src\\pages\\root2.tsx","resolvedModule":"./src/pages/root2.tsx","type":"cjs require","active":true,"explanation":"","userRequest":"../entities/link2","loc":"8:14-42","moduleId":302,"resolvedModuleId":302}],"usedExports":true,"providedExports":["LinkEntity","__esModule"],"optimizationBailout":["Statement (ExpressionStatement) with side effects in source code at 2:0-62","ModuleConcatenation bailout: Module is not an ECMAScript module"],"depth":1},{"type":"module","moduleType":"javascript/auto","layer":null,"size":154,"sizes":{"javascript":154},"built":true,"codeGenerated":true,"buildTimeExecuted":false,"cached":false,"identifier":".\\node_modules\\ts-loader\\index.js!.\\loaders\\i18n-loader.cjs??ruleSet[1].rules[0].use[1]!.\\src\\components\\Link2.ts","name":"./src/components/Link2.ts","nameForCondition":".\\src\\components\\Link2.ts","index":9,"preOrderIndex":9,"index2":8,"postOrderIndex":8,"cacheable":true,"optional":false,"orphan":false,"issuer":".\\node_modules\\ts-loader\\index.js!.\\loaders\\i18n-loader.cjs??ruleSet[1].rules[0].use[1]!.\\src\\pages\\root2.tsx","issuerName":"./src/pages/root2.tsx","issuerPath":[{"identifier":".\\node_modules\\ts-loader\\index.js!.\\loaders\\i18n-loader.cjs??ruleSet[1].rules[0].use[1]!.\\src\\pages\\root2.tsx","name":"./src/pages/root2.tsx","id":302}],"failed":false,"errors":0,"warnings":0,"id":923,"issuerId":302,"chunks":[849],"assets":[],"reasons":[{"moduleIdentifier":".\\node_modules\\ts-loader\\index.js!.\\loaders\\i18n-loader.cjs??ruleSet[1].rules[0].use[1]!.\\src\\pages\\root2.tsx","module":"./src/pages/root2.tsx","moduleName":"./src/pages/root2.tsx","resolvedModuleIdentifier":".\\node_modules\\ts-loader\\index.js!.\\loaders\\i18n-loader.cjs??ruleSet[1].rules[0].use[1]!.\\src\\pages\\root2.tsx","resolvedModule":"./src/pages/root2.tsx","type":"cjs require","active":true,"explanation":"","userRequest":"../components/Link2","loc":"9:14-44","moduleId":302,"resolvedModuleId":302}],"usedExports":true,"providedExports":["LinkComponent","__esModule"],"optimizationBailout":["Statement (ExpressionStatement) with side effects in source code at 2:0-62","ModuleConcatenation bailout: Module is not an ECMAScript module"],"depth":1},{"type":"module","moduleType":"javascript/auto","layer":null,"size":6450,"sizes":{"javascript":6450},"built":true,"codeGenerated":true,"buildTimeExecuted":false,"cached":false,"identifier":".\\node_modules\\react\\cjs\\react.production.min.js","name":"./node_modules/react/cjs/react.production.min.js","nameForCondition":".\\node_modules\\react\\cjs\\react.production.min.js","index":2,"preOrderIndex":2,"index2":1,"postOrderIndex":1,"cacheable":true,"optional":false,"orphan":false,"issuer":".\\node_modules\\react\\index.js","issuerName":"./node_modules/react/index.js","issuerPath":[{"identifier":".\\node_modules\\ts-loader\\index.js!.\\loaders\\i18n-loader.cjs??ruleSet[1].rules[0].use[1]!.\\src\\pages\\root.tsx","name":"./src/pages/root.tsx","id":416},{"identifier":".\\node_modules\\react\\index.js","name":"./node_modules/react/index.js","id":294}],"failed":false,"errors":0,"warnings":0,"id":408,"issuerId":294,"chunks":[481,849],"assets":[],"reasons":[{"moduleIdentifier":".\\node_modules\\react\\index.js","module":"./node_modules/react/index.js","moduleName":"./node_modules/react/index.js","resolvedModuleIdentifier":".\\node_modules\\react\\index.js","resolvedModule":"./node_modules/react/index.js","type":"cjs export require","active":true,"explanation":"","userRequest":"./cjs/react.production.min.js","loc":"4:2-59","moduleId":294,"resolvedModuleId":294}],"usedExports":true,"providedExports":["Children","Component","Fragment","Profiler","PureComponent","StrictMode","Suspense","__SECRET_INTERNALS_DO_NOT_USE_OR_YOU_WILL_BE_FIRED","cloneElement","createContext","createElement","createFactory","createRef","forwardRef","isValidElement","lazy","memo","useCallback","useContext","useDebugValue","useEffect","useImperativeHandle","useLayoutEffect","useMemo","useReducer","useRef","useState","version"],"optimizationBailout":["Statement (VariableDeclaration) with side effects in source code at 9:13-60","ModuleConcatenation bailout: Module is not an ECMAScript module"],"depth":2},{"type":"module","moduleType":"javascript/auto","layer":null,"size":2108,"sizes":{"javascript":2108},"built":true,"codeGenerated":true,"buildTimeExecuted":false,"cached":false,"identifier":".\\node_modules\\object-assign\\index.js","name":"./node_modules/object-assign/index.js","nameForCondition":".\\node_modules\\object-assign\\index.js","index":3,"preOrderIndex":3,"index2":0,"postOrderIndex":0,"cacheable":true,"optional":false,"orphan":false,"issuer":".\\node_modules\\react\\cjs\\react.production.min.js","issuerName":"./node_modules/react/cjs/react.production.min.js","issuerPath":[{"identifier":".\\node_modules\\ts-loader\\index.js!.\\loaders\\i18n-loader.cjs??ruleSet[1].rules[0].use[1]!.\\src\\pages\\root.tsx","name":"./src/pages/root.tsx","id":416},{"identifier":".\\node_modules\\react\\index.js","name":"./node_modules/react/index.js","id":294},{"identifier":".\\node_modules\\react\\cjs\\react.production.min.js","name":"./node_modules/react/cjs/react.production.min.js","id":408}],"failed":false,"errors":0,"warnings":0,"id":418,"issuerId":408,"chunks":[481,849],"assets":[],"reasons":[{"moduleIdentifier":".\\node_modules\\object-assign\\index.js","module":"./node_modules/object-assign/index.js","moduleName":"./node_modules/object-assign/index.js","resolvedModuleIdentifier":".\\node_modules\\object-assign\\index.js","resolvedModule":"./node_modules/object-assign/index.js","type":"cjs self exports reference","active":true,"explanation":"","userRequest":null,"loc":"65:0-14","moduleId":418,"resolvedModuleId":418},{"moduleIdentifier":".\\node_modules\\react\\cjs\\react.production.min.js","module":"./node_modules/react/cjs/react.production.min.js","moduleName":"./node_modules/react/cjs/react.production.min.js","resolvedModuleIdentifier":".\\node_modules\\react\\cjs\\react.production.min.js","resolvedModule":"./node_modules/react/cjs/react.production.min.js","type":"cjs require","active":true,"explanation":"","userRequest":"object-assign","loc":"9:19-43","moduleId":408,"resolvedModuleId":408}],"usedExports":null,"providedExports":null,"optimizationBailout":["CommonJS bailout: module.exports is used directly at 65:0-14","Statement (VariableDeclaration) with side effects in source code at 9:0-57","ModuleConcatenation bailout: Module is not an ECMAScript module"],"depth":3}],"entrypoints":{"root":{"name":"root","chunks":[481],"assets":[{"name":"root.8319c8bb348f6ca4a51c.js","size":7719}],"filteredAssets":0,"assetsSize":7719,"auxiliaryAssets":[],"filteredAuxiliaryAssets":0,"auxiliaryAssetsSize":0,"children":{},"childAssets":{},"isOverSizeLimit":false},"root2":{"name":"root2","chunks":[849],"assets":[{"name":"root2.c8468d6a0f845ffd3996.js","size":8022}],"filteredAssets":0,"assetsSize":8022,"auxiliaryAssets":[],"filteredAuxiliaryAssets":0,"auxiliaryAssetsSize":0,"children":{},"childAssets":{},"isOverSizeLimit":false}},"namedChunkGroups":{"root":{"name":"root","chunks":[481],"assets":[{"name":"root.8319c8bb348f6ca4a51c.js","size":7719}],"filteredAssets":0,"assetsSize":7719,"auxiliaryAssets":[],"filteredAuxiliaryAssets":0,"auxiliaryAssetsSize":0,"children":{},"childAssets":{},"isOverSizeLimit":false},"root2":{"name":"root2","chunks":[849],"assets":[{"name":"root2.c8468d6a0f845ffd3996.js","size":8022}],"filteredAssets":0,"assetsSize":8022,"auxiliaryAssets":[],"filteredAuxiliaryAssets":0,"auxiliaryAssetsSize":0,"children":{},"childAssets":{},"isOverSizeLimit":false}},"errors":[],"errorsCount":0,"warnings":[],"warningsCount":0,"children":[{"name":"HtmlWebpackCompiler","hash":"64950e90310b1af1b15c","version":"5.88.1","time":284,"builtAt":1688992163770,"publicPath":"","outputPath":".\\dist","assetsByChunkName":{},"assets":[],"chunks":[{"rendered":true,"initial":true,"entry":true,"recorded":false,"size":982,"sizes":{"javascript":542,"runtime":440},"names":["HtmlWebpackPlugin_0-0"],"idHints":[],"runtime":["HtmlWebpackPlugin_0-0"],"files":[],"auxiliaryFiles":[],"hash":"fa6cc2e448923ab149d2","childrenByOrder":{},"id":563,"siblings":[],"parents":[],"children":[],"modules":[{"type":"module","moduleType":"javascript/auto","layer":null,"size":465,"sizes":{"javascript":465},"built":true,"codeGenerated":true,"buildTimeExecuted":false,"cached":false,"identifier":".\\node_modules\\html-webpack-plugin\\lib\\loader.js!.\\src\\index.html","name":"./node_modules/html-webpack-plugin/lib/loader.js!./src/index.html","nameForCondition":".\\src\\index.html","index":1,"preOrderIndex":1,"index2":1,"postOrderIndex":1,"cacheable":true,"optional":false,"orphan":false,"dependent":false,"issuer":null,"issuerName":null,"issuerPath":null,"failed":false,"errors":0,"warnings":0,"id":411,"issuerId":null,"chunks":[563],"assets":[],"reasons":[{"moduleIdentifier":".\\node_modules\\html-webpack-plugin\\lib\\loader.js!.\\src\\index.html","module":"./node_modules/html-webpack-plugin/lib/loader.js!./src/index.html","moduleName":"./node_modules/html-webpack-plugin/lib/loader.js!./src/index.html","resolvedModuleIdentifier":".\\node_modules\\html-webpack-plugin\\lib\\loader.js!.\\src\\index.html","resolvedModule":"./node_modules/html-webpack-plugin/lib/loader.js!./src/index.html","type":"cjs self exports reference","active":true,"explanation":"","userRequest":null,"loc":"1:130-144","moduleId":411,"resolvedModuleId":411},{"moduleIdentifier":null,"module":null,"moduleName":null,"resolvedModuleIdentifier":null,"resolvedModule":null,"type":"entry","active":true,"explanation":"","userRequest":".\\node_modules\\html-webpack-plugin\\lib\\loader.js!.\\src\\index.html","loc":"HtmlWebpackPlugin_0-0","moduleId":null,"resolvedModuleId":null},{"moduleIdentifier":null,"module":null,"moduleName":null,"resolvedModuleIdentifier":null,"resolvedModule":null,"type":null,"active":true,"explanation":"used as library export","userRequest":null,"moduleId":null,"resolvedModuleId":null}],"usedExports":null,"providedExports":null,"optimizationBailout":["CommonJS bailout: module.exports is used directly at 1:130-144","Statement (VariableDeclaration) with side effects in source code at 1:0-130","ModuleConcatenation bailout: Module is not an ECMAScript module"],"depth":0},{"type":"module","moduleType":"javascript/esm","layer":null,"size":77,"sizes":{"javascript":77},"built":true,"codeGenerated":true,"buildTimeExecuted":false,"cached":false,"identifier":"javascript/esm|data:text/javascript,__webpack_public_path__ = __webpack_base_uri__ = htmlWebpackPluginPublicPath;","name":"data:text/javascript,__webpack_public_path__ = __webpack_base_uri__ = htmlWebpackPluginPublicPath;","nameForCondition":"data:text/javascript,__webpack_public_path__ = __webpack_base_uri__ = htmlWebpackPluginPublicPath;","index":0,"preOrderIndex":0,"index2":0,"postOrderIndex":0,"cacheable":true,"optional":false,"orphan":false,"dependent":false,"issuer":null,"issuerName":null,"issuerPath":null,"failed":false,"errors":0,"warnings":0,"id":163,"issuerId":null,"chunks":[563],"assets":[],"reasons":[{"moduleIdentifier":null,"module":null,"moduleName":null,"resolvedModuleIdentifier":null,"resolvedModule":null,"type":"entry","active":true,"explanation":"","userRequest":"data:text/javascript,__webpack_public_path__ = __webpack_base_uri__ = htmlWebpackPluginPublicPath;","loc":"HtmlWebpackPlugin_0-0","moduleId":null,"resolvedModuleId":null}],"usedExports":[],"providedExports":[],"optimizationBailout":["Statement (ExpressionStatement) with side effects in source code at 1:0-77"],"depth":0},{"type":"module","moduleType":"runtime","layer":null,"size":88,"sizes":{"runtime":88},"built":false,"codeGenerated":true,"buildTimeExecuted":false,"cached":false,"identifier":"webpack/runtime/hasOwnProperty shorthand","name":"webpack/runtime/hasOwnProperty shorthand","nameForCondition":null,"index":null,"preOrderIndex":null,"index2":null,"postOrderIndex":null,"optional":false,"orphan":false,"dependent":false,"failed":false,"errors":0,"warnings":0,"id":"","chunks":[563],"assets":[],"reasons":[],"usedExports":null,"providedExports":[],"optimizationBailout":[],"depth":null},{"type":"module","moduleType":"runtime","layer":null,"size":27,"sizes":{"runtime":27},"built":false,"codeGenerated":true,"buildTimeExecuted":false,"cached":false,"identifier":"webpack/runtime/publicPath","name":"webpack/runtime/publicPath","nameForCondition":null,"index":null,"preOrderIndex":null,"index2":null,"postOrderIndex":null,"optional":false,"orphan":false,"dependent":false,"failed":false,"errors":0,"warnings":0,"id":"","chunks":[563],"assets":[],"reasons":[],"usedExports":null,"providedExports":[],"optimizationBailout":[],"depth":null},{"type":"module","moduleType":"runtime","layer":null,"size":325,"sizes":{"runtime":325},"built":false,"codeGenerated":true,"buildTimeExecuted":false,"cached":false,"identifier":"webpack/runtime/require chunk loading","name":"webpack/runtime/require chunk loading","nameForCondition":null,"index":null,"preOrderIndex":null,"index2":null,"postOrderIndex":null,"optional":false,"orphan":false,"dependent":false,"failed":false,"errors":0,"warnings":0,"id":"","chunks":[563],"assets":[],"reasons":[],"usedExports":null,"providedExports":[],"optimizationBailout":[],"depth":null}],"origins":[{"module":"","moduleIdentifier":"","moduleName":"","loc":"HtmlWebpackPlugin_0-0","request":".\\node_modules\\html-webpack-plugin\\lib\\loader.js!.\\src\\index.html"},{"module":"","moduleIdentifier":"","moduleName":"","loc":"HtmlWebpackPlugin_0-0","request":"data:text/javascript,__webpack_public_path__ = __webpack_base_uri__ = htmlWebpackPluginPublicPath;"}]}],"modules":[{"type":"module","moduleType":"javascript/esm","layer":null,"size":77,"sizes":{"javascript":77},"built":true,"codeGenerated":true,"buildTimeExecuted":false,"cached":false,"identifier":"javascript/esm|data:text/javascript,__webpack_public_path__ = __webpack_base_uri__ = htmlWebpackPluginPublicPath;","name":"data:text/javascript,__webpack_public_path__ = __webpack_base_uri__ = htmlWebpackPluginPublicPath;","nameForCondition":"data:text/javascript,__webpack_public_path__ = __webpack_base_uri__ = htmlWebpackPluginPublicPath;","index":0,"preOrderIndex":0,"index2":0,"postOrderIndex":0,"cacheable":true,"optional":false,"orphan":false,"issuer":null,"issuerName":null,"issuerPath":null,"failed":false,"errors":0,"warnings":0,"id":163,"issuerId":null,"chunks":[563],"assets":[],"reasons":[{"moduleIdentifier":null,"module":null,"moduleName":null,"resolvedModuleIdentifier":null,"resolvedModule":null,"type":"entry","active":true,"explanation":"","userRequest":"data:text/javascript,__webpack_public_path__ = __webpack_base_uri__ = htmlWebpackPluginPublicPath;","loc":"HtmlWebpackPlugin_0-0","moduleId":null,"resolvedModuleId":null}],"usedExports":[],"providedExports":[],"optimizationBailout":["Statement (ExpressionStatement) with side effects in source code at 1:0-77"],"depth":0},{"type":"module","moduleType":"javascript/auto","layer":null,"size":465,"sizes":{"javascript":465},"built":true,"codeGenerated":true,"buildTimeExecuted":false,"cached":false,"identifier":".\\node_modules\\html-webpack-plugin\\lib\\loader.js!.\\src\\index.html","name":"./node_modules/html-webpack-plugin/lib/loader.js!./src/index.html","nameForCondition":".\\src\\index.html","index":1,"preOrderIndex":1,"index2":1,"postOrderIndex":1,"cacheable":true,"optional":false,"orphan":false,"issuer":null,"issuerName":null,"issuerPath":null,"failed":false,"errors":0,"warnings":0,"id":411,"issuerId":null,"chunks":[563],"assets":[],"reasons":[{"moduleIdentifier":".\\node_modules\\html-webpack-plugin\\lib\\loader.js!.\\src\\index.html","module":"./node_modules/html-webpack-plugin/lib/loader.js!./src/index.html","moduleName":"./node_modules/html-webpack-plugin/lib/loader.js!./src/index.html","resolvedModuleIdentifier":".\\node_modules\\html-webpack-plugin\\lib\\loader.js!.\\src\\index.html","resolvedModule":"./node_modules/html-webpack-plugin/lib/loader.js!./src/index.html","type":"cjs self exports reference","active":true,"explanation":"","userRequest":null,"loc":"1:130-144","moduleId":411,"resolvedModuleId":411},{"moduleIdentifier":null,"module":null,"moduleName":null,"resolvedModuleIdentifier":null,"resolvedModule":null,"type":"entry","active":true,"explanation":"","userRequest":".\\node_modules\\html-webpack-plugin\\lib\\loader.js!.\\src\\index.html","loc":"HtmlWebpackPlugin_0-0","moduleId":null,"resolvedModuleId":null},{"moduleIdentifier":null,"module":null,"moduleName":null,"resolvedModuleIdentifier":null,"resolvedModule":null,"type":null,"active":true,"explanation":"used as library export","userRequest":null,"moduleId":null,"resolvedModuleId":null}],"usedExports":null,"providedExports":null,"optimizationBailout":["CommonJS bailout: module.exports is used directly at 1:130-144","Statement (VariableDeclaration) with side effects in source code at 1:0-130","ModuleConcatenation bailout: Module is not an ECMAScript module"],"depth":0},{"type":"module","moduleType":"runtime","layer":null,"size":88,"sizes":{"runtime":88},"built":false,"codeGenerated":true,"buildTimeExecuted":false,"cached":false,"identifier":"webpack/runtime/hasOwnProperty shorthand","name":"webpack/runtime/hasOwnProperty shorthand","nameForCondition":null,"index":null,"preOrderIndex":null,"index2":null,"postOrderIndex":null,"optional":false,"orphan":false,"failed":false,"errors":0,"warnings":0,"id":"","chunks":[563],"assets":[],"reasons":[],"usedExports":null,"providedExports":[],"optimizationBailout":[],"depth":null},{"type":"module","moduleType":"runtime","layer":null,"size":27,"sizes":{"runtime":27},"built":false,"codeGenerated":true,"buildTimeExecuted":false,"cached":false,"identifier":"webpack/runtime/publicPath","name":"webpack/runtime/publicPath","nameForCondition":null,"index":null,"preOrderIndex":null,"index2":null,"postOrderIndex":null,"optional":false,"orphan":false,"failed":false,"errors":0,"warnings":0,"id":"","chunks":[563],"assets":[],"reasons":[],"usedExports":null,"providedExports":[],"optimizationBailout":[],"depth":null},{"type":"module","moduleType":"runtime","layer":null,"size":325,"sizes":{"runtime":325},"built":false,"codeGenerated":true,"buildTimeExecuted":false,"cached":false,"identifier":"webpack/runtime/require chunk loading","name":"webpack/runtime/require chunk loading","nameForCondition":null,"index":null,"preOrderIndex":null,"index2":null,"postOrderIndex":null,"optional":false,"orphan":false,"failed":false,"errors":0,"warnings":0,"id":"","chunks":[563],"assets":[],"reasons":[],"usedExports":null,"providedExports":[],"optimizationBailout":[],"depth":null}],"entrypoints":{"HtmlWebpackPlugin_0-0":{"name":"HtmlWebpackPlugin_0-0","chunks":[563],"assets":[],"filteredAssets":0,"assetsSize":0,"auxiliaryAssets":[],"filteredAuxiliaryAssets":0,"auxiliaryAssetsSize":0,"children":{},"childAssets":{},"isOverSizeLimit":false}},"namedChunkGroups":{"HtmlWebpackPlugin_0-0":{"name":"HtmlWebpackPlugin_0-0","chunks":[563],"assets":[],"filteredAssets":0,"assetsSize":0,"auxiliaryAssets":[],"filteredAuxiliaryAssets":0,"auxiliaryAssetsSize":0,"children":{},"childAssets":{},"isOverSizeLimit":false}},"errors":[],"errorsCount":0,"warnings":[],"warningsCount":0,"children":[]}],"__statoscope":{"descriptor":{"name":"@statoscope/stats","version":"5.14.1"},"extensions":[{"descriptor":{"name":"@statoscope/stats-extension-package-info","version":"5.25.0","author":{"name":"Sergey Melyukov","url":"https://twitter.com/smelukov"},"homepage":"https://github.com/statoscope/statoscope/","description":"Statoscope extension for collecting package info (e.g. available versions)","adapter":{"name":"@statoscope/webpack-stats-extension-package-info","version":"5.26.2","author":{"name":"Sergey Melyukov","url":"https://twitter.com/smelukov"},"homepage":"https://github.com/statoscope/statoscope/","description":"Webpack adapter for @statoscope/stats-extension-package-info"}},"payload":{"compilations":[{"id":null,"packages":[{"name":"shri-webpack-2021-template","instances":[{"path":"","info":{"version":"1.0.0"}}]},{"name":"html-webpack-plugin","instances":[{"path":"node_modules\\html-webpack-plugin","info":{"version":"5.5.3"}}]},{"name":"ts-loader","instances":[{"path":"node_modules\\ts-loader","info":{"version":"9.4.4"}}]},{"name":"react","instances":[{"path":"node_modules\\react","info":{"version":"17.0.2"}}]},{"name":"object-assign","instances":[{"path":"node_modules\\object-assign","info":{"version":"4.1.1"}}]}]}]}},{"descriptor":{"name":"@statoscope/stats-extension-compressed","version":"5.25.0","author":{"name":"Sergey Melyukov","url":"https://twitter.com/smelukov"},"homepage":"https://github.com/statoscope/statoscope/","description":"Statoscope extension for collecting compressed resource sizes","adapter":{"name":"@statoscope/webpack-stats-extension-compressed","version":"5.26.2","author":{"name":"Sergey Melyukov","url":"https://twitter.com/smelukov"},"homepage":"https://github.com/statoscope/statoscope/","description":"Webpack adapter for @statoscope/stats-extension-compressed"}},"payload":{"compilations":[{"id":"652895b5fd3973db9ef3","resources":[{"id":"index.html","size":{"compressor":"gzip","size":212,"meta":{"level":6}}},{"id":"root.8319c8bb348f6ca4a51c.js.LICENSE.txt","size":{"compressor":"gzip","size":220,"meta":{"level":6}}},{"id":"root2.c8468d6a0f845ffd3996.js.LICENSE.txt","size":{"compressor":"gzip","size":220,"meta":{"level":6}}},{"id":"root.8319c8bb348f6ca4a51c.js","size":{"compressor":"gzip","size":3115,"meta":{"level":6}}},{"id":"root2.c8468d6a0f845ffd3996.js","size":{"compressor":"gzip","size":3151,"meta":{"level":6}}},{"id":".\\node_modules\\object-assign\\index.js","size":{"compressor":"gzip","size":912,"meta":{"level":6}}},{"id":".\\node_modules\\react\\cjs\\react.production.min.js","size":{"compressor":"gzip","size":2669,"meta":{"level":6}}},{"id":".\\node_modules\\react\\index.js","size":{"compressor":"gzip","size":89,"meta":{"level":6}}},{"id":".\\node_modules\\ts-loader\\index.js!.\\loaders\\i18n-loader.cjs??ruleSet[1].rules[0].use[1]!.\\src\\components\\Link2.ts","size":{"compressor":"gzip","size":121,"meta":{"level":6}}},{"id":".\\node_modules\\ts-loader\\index.js!.\\loaders\\i18n-loader.cjs??ruleSet[1].rules[0].use[1]!.\\src\\components\\Link.ts","size":{"compressor":"gzip","size":121,"meta":{"level":6}}},{"id":".\\node_modules\\ts-loader\\index.js!.\\loaders\\i18n-loader.cjs??ruleSet[1].rules[0].use[1]!.\\src\\entities\\link2.ts","size":{"compressor":"gzip","size":118,"meta":{"level":6}}},{"id":".\\node_modules\\ts-loader\\index.js!.\\loaders\\i18n-loader.cjs??ruleSet[1].rules[0].use[1]!.\\src\\entities\\link.ts","size":{"compressor":"gzip","size":118,"meta":{"level":6}}},{"id":".\\node_modules\\ts-loader\\index.js!.\\loaders\\i18n-loader.cjs??ruleSet[1].rules[0].use[1]!.\\src\\i18n\\I18NTask.tsx","size":{"compressor":"gzip","size":258,"meta":{"level":6}}},{"id":".\\node_modules\\ts-loader\\index.js!.\\loaders\\i18n-loader.cjs??ruleSet[1].rules[0].use[1]!.\\src\\pages\\root2.tsx","size":{"compressor":"gzip","size":337,"meta":{"level":6}}},{"id":".\\node_modules\\ts-loader\\index.js!.\\loaders\\i18n-loader.cjs??ruleSet[1].rules[0].use[1]!.\\src\\pages\\root.tsx","size":{"compressor":"gzip","size":308,"meta":{"level":6}}}]},{"id":"64950e90310b1af1b15c","resources":[{"id":"webpack/runtime/hasOwnProperty shorthand","size":{"compressor":"gzip","size":97,"meta":{"level":6}}},{"id":"webpack/runtime/publicPath","size":{"compressor":"gzip","size":47,"meta":{"level":6}}},{"id":"webpack/runtime/require chunk loading","size":{"compressor":"gzip","size":222,"meta":{"level":6}}},{"id":".\\node_modules\\html-webpack-plugin\\lib\\loader.js!.\\src\\index.html","size":{"compressor":"gzip","size":347,"meta":{"level":6}}},{"id":"javascript/esm|data:text/javascript,__webpack_public_path__ = __webpack_base_uri__ = htmlWebpackPluginPublicPath;","size":{"compressor":"gzip","size":74,"meta":{"level":6}}}]}]}}],"context":"C:\\Users\\Никита\\Documents\\github\\shri2023\\hw_building\\solution"}}